{"cameraMode":{"drawMode":0,"name":"Shaded","section":"Shading Mode"},"sceneLighting":false,"audioPlay":false,"sceneViewState":{"showFog":true,"showMaterialUpdate":false,"showSkybox":false,"showFlares":true,"showImageEffects":true,"showParticleSystems":true},"in2DMode":false,"pivot":{"x":-0.32818490266799929,"y":0.8486496806144714,"z":0.2774325907230377},"rotation":{"x":0.02877809852361679,"y":-0.9707651138305664,"z":0.1526801437139511,"w":0.18297207355499268},"size":1.243530511856079,"orthographic":false}