{"cameraMode":{"drawMode":0,"name":"Shaded","section":"Shading Mode"},"sceneLighting":true,"audioPlay":false,"sceneViewState":{"showFog":true,"showMaterialUpdate":false,"showSkybox":true,"showFlares":true,"showImageEffects":true,"showParticleSystems":true},"in2DMode":false,"pivot":{"x":-0.02131502330303192,"y":0.31621649861335757,"z":3.0199594497680666},"rotation":{"x":0.41687020659446719,"y":0.19435016810894013,"z":-0.0917339026927948,"w":0.883194625377655},"size":0.21923507750034333,"orthographic":false}