{"cameraMode":{"drawMode":0,"name":"Shaded","section":"Shading Mode"},"sceneLighting":true,"audioPlay":false,"sceneViewState":{"showFog":true,"showMaterialUpdate":false,"showSkybox":false,"showFlares":true,"showImageEffects":true,"showParticleSystems":true},"in2DMode":false,"pivot":{"x":-1.1417839527130128,"y":0.66758793592453,"z":-0.08781588077545166},"rotation":{"x":-0.09199624508619309,"y":-0.8738260269165039,"z":0.18214289844036103,"w":-0.4413520395755768},"size":0.816389262676239,"orthographic":false}