{"cameraMode":{"drawMode":0,"name":"Shaded","section":"Shading Mode"},"sceneLighting":false,"audioPlay":false,"sceneViewState":{"showFog":true,"showMaterialUpdate":false,"showSkybox":false,"showFlares":true,"showImageEffects":true,"showParticleSystems":true},"in2DMode":false,"pivot":{"x":-2.5524237155914308,"y":1.3033239841461182,"z":-2.394212245941162},"rotation":{"x":0.23649461567401887,"y":0.27248695492744448,"z":-0.06928756833076477,"w":0.9300661683082581},"size":1.0809438228607178,"orthographic":false}